-- ==========================================
-- TRUNCATE TABLES (para datos limpios)
-- ==========================================

TRUNCATE enquiries CASCADE;
TRUNCATE favorites CASCADE;
TRUNCATE listings CASCADE;
TRUNCATE property_images CASCADE;
TRUNCATE properties CASCADE;
TRUNCATE real_estate_agents CASCADE;
TRUNCATE profiles CASCADE;
TRUNCATE real_estates CASCADE;

TRUNCATE auth.identities, auth.users CASCADE;

-- Insertando 1 users...
INSERT INTO auth.users (instance_id, id, email, encrypted_password, email_confirmed_at, recovery_sent_at, last_sign_in_at, raw_app_meta_data, raw_user_meta_data, created_at, updated_at, confirmation_token, email_change, email_change_token_new, recovery_token, role)
  VALUES ('00000000-0000-0000-0000-000000000000', '5fb9220d-9b0f-4d32-a248-6492457c3890', 'virgil_boyle44@gmail.com', crypt('password123', gen_salt('bf')), current_timestamp, current_timestamp, current_timestamp, '{"provider":"email","providers":["email"]}', '{}', current_timestamp, current_timestamp, '', '', '', '', 'admin');
-- Insertando 3 users...
INSERT INTO auth.users (instance_id, id, email, encrypted_password, email_confirmed_at, recovery_sent_at, last_sign_in_at, raw_app_meta_data, raw_user_meta_data, created_at, updated_at, confirmation_token, email_change, email_change_token_new, recovery_token, role)
  VALUES ('00000000-0000-0000-0000-000000000000', '70e4a488-2fcf-4e9e-8130-564d5482c1fc', 'montana.herzog@gmail.com', crypt('password123', gen_salt('bf')), current_timestamp, current_timestamp, current_timestamp, '{"provider":"email","providers":["email"]}', '{}', current_timestamp, current_timestamp, '', '', '', '', 'client'),
('00000000-0000-0000-0000-000000000000', '5145bae7-1bc8-4c78-b601-0a58e36c3142', 'queenie_lindgren89@yahoo.com', crypt('password123', gen_salt('bf')), current_timestamp, current_timestamp, current_timestamp, '{"provider":"email","providers":["email"]}', '{}', current_timestamp, current_timestamp, '', '', '', '', 'client'),
('00000000-0000-0000-0000-000000000000', '136dd086-315f-458b-95ff-474409804e32', 'nola_hilll@yahoo.com', crypt('password123', gen_salt('bf')), current_timestamp, current_timestamp, current_timestamp, '{"provider":"email","providers":["email"]}', '{}', current_timestamp, current_timestamp, '', '', '', '', 'client');
-- Insertando 2 users...
INSERT INTO auth.users (instance_id, id, email, encrypted_password, email_confirmed_at, recovery_sent_at, last_sign_in_at, raw_app_meta_data, raw_user_meta_data, created_at, updated_at, confirmation_token, email_change, email_change_token_new, recovery_token, role)
  VALUES ('00000000-0000-0000-0000-000000000000', '01a028ba-3b35-4bad-aa91-543f6eac8973', 'charlie.volkman-hilpert@gmail.com', crypt('password123', gen_salt('bf')), current_timestamp, current_timestamp, current_timestamp, '{"provider":"email","providers":["email"]}', '{}', current_timestamp, current_timestamp, '', '', '', '', 'real-estate'),
('00000000-0000-0000-0000-000000000000', 'ffd46d52-8eb9-419f-a28e-bbb54ccde88c', 'eugene.mayert@yahoo.com', crypt('password123', gen_salt('bf')), current_timestamp, current_timestamp, current_timestamp, '{"provider":"email","providers":["email"]}', '{}', current_timestamp, current_timestamp, '', '', '', '', 'real-estate');
-- Insertando 1 users...
INSERT INTO auth.users (instance_id, id, email, encrypted_password, email_confirmed_at, recovery_sent_at, last_sign_in_at, raw_app_meta_data, raw_user_meta_data, created_at, updated_at, confirmation_token, email_change, email_change_token_new, recovery_token, role)
  VALUES ('00000000-0000-0000-0000-000000000000', '1d5209a0-83a2-4b6e-9251-ee4ad8831eea', 'sherman.boehm@hotmail.com', crypt('password123', gen_salt('bf')), current_timestamp, current_timestamp, current_timestamp, '{"provider":"email","providers":["email"]}', '{}', current_timestamp, current_timestamp, '', '', '', '', 'real-estate');
-- Insertando 7 identities...
INSERT INTO auth.identities (id, provider_id, user_id, identity_data, provider, last_sign_in_at, created_at, updated_at)
  SELECT
      uuid_generate_v4(),
      uuid_generate_v4(),
      id,
      format('{"sub":"%s","email":"%s"}', id::text, email)::jsonb,
      'email',
      current_timestamp, current_timestamp, current_timestamp
    FROM auth.users
    WHERE id IN ('5fb9220d-9b0f-4d32-a248-6492457c3890','70e4a488-2fcf-4e9e-8130-564d5482c1fc','5145bae7-1bc8-4c78-b601-0a58e36c3142','136dd086-315f-458b-95ff-474409804e32','01a028ba-3b35-4bad-aa91-543f6eac8973','ffd46d52-8eb9-419f-a28e-bbb54ccde88c','1d5209a0-83a2-4b6e-9251-ee4ad8831eea');
-- Insertando 2 inmobiliarias...
INSERT INTO real_estates (id, name, description, whatsapp, street, city, state, postal_code, country, logo_url)
  VALUES ('4900d528-c391-4088-8abf-85c4710fdb62', 'Inmobiliaria Costa del Plata', 'Inflammatio summopere solutio cibus virtus. Iste perspiciatis curia carmen constans tempora accedo ancilla.', '+5491100874044', '43660 Murazik Loop', 'Palm Desert', 'North Ludietown', '95364-5939', 'Suffolk', 'https://picsum.photos/seed/4615G4/200/200'),
('5d0d41ba-ebc4-42cc-bf65-c5ed6cc1e8d5', 'Urban Living Argentina', 'Abstergo ventosus aliqua comis virga virga. Ratione dedico clarus compono spectaculum tantum textilis.', '+5491170405483', '27610 Beech Grove', 'Ponce', 'North Wyattbury', '89973', 'Franklin County', 'https://picsum.photos/seed/yqU6u0t37/200/200');
-- Insertando 3 relaciones agente-inmobiliaria...
INSERT INTO real_estate_agents (id, real_estate_id, profile_id, role)
  VALUES ('1ab9f54d-3f0f-40e8-9f18-f8ab7a9e04fe', '4900d528-c391-4088-8abf-85c4710fdb62', '1d5209a0-83a2-4b6e-9251-ee4ad8831eea', 'coordinator'),
('9437591f-fb84-4da2-9edf-b96ed006cf29', '4900d528-c391-4088-8abf-85c4710fdb62', '01a028ba-3b35-4bad-aa91-543f6eac8973', 'agent'),
('fdd7640d-dff8-4cfd-a372-f93a951a8c8d', '5d0d41ba-ebc4-42cc-bf65-c5ed6cc1e8d5', 'ffd46d52-8eb9-419f-a28e-bbb54ccde88c', 'agent');
-- Insertando 10 propiedades...
INSERT INTO properties (id, real_estate_id, title, slug, description, property_type, street, city, state, country, postal_code, neighborhood, latitude, longitude, bedrooms, bathrooms, total_area, built_area, lot_area, floors, year_built, parking_spots, amenities)
  VALUES ('6e58c69d-f2e7-447f-875a-312222a25e7a', '4900d528-c391-4088-8abf-85c4710fdb62', 'Commercial 1 ambientes en New Gladyce', 'commercial-1-ambientes-en-new-gladyce', 'Adhaero asporto cibo atqui. Animi degusto beatae. Desolo strues adflicto thermae quisquam.', 'commercial', '89028 Coronation Road', 'West Jazmin', 'New Mexico', 'Colombia', '47027', 'Strathclyde', 2.1019, 11.5609, 0, 0, 883, 347, 0, 0, 1977, 0, '[{"label":"Piscina","value":"pool"},{"label":"Gimnasio","value":"gym"},{"label":"Calefacción","value":"heating"},{"label":"Jardín","value":"garden"}]'::jsonb),
('189b6245-a95f-4931-b232-242e186f16fd', '5d0d41ba-ebc4-42cc-bf65-c5ed6cc1e8d5', 'House 3 ambientes en Schambergermouth', 'house-3-ambientes-en-schambergermouth', 'Assumenda sordeo vetus iusto mollitia. Tenus audentia commodo cursim distinctio. Amplus perferendis civitas nobis.', 'house', '55031 Yesenia Gateway', 'Dubuque', 'Ohio', 'Colombia', '54439-8917', 'Warwickshire', -57.3781, -156.0614, 3, 3, 280, 244, 879, 1, 1987, 0, '[{"label":"Aire acondicionado","value":"air_conditioning"},{"label":"Gimnasio","value":"gym"}]'::jsonb),
('6d7674b8-3e68-4e91-bfa5-2c98ec243b09', '4900d528-c391-4088-8abf-85c4710fdb62', 'Office 4 ambientes en Florineside', 'office-4-ambientes-en-florineside', 'Congregatio trado amor tyrannus antiquus crux thema architecto calculus suppono. Saepe suasoria illo caste coniuratio attonbitus ver nostrum. Deinde vinitor arguo occaecati dicta perferendis.', 'office', '89569 Church Lane', 'Lennieview', 'Oregon', 'Colombia', '94198-1985', 'Fife', -18.1795, -160.2859, 3, 5, 182, 645, 0, 0, 1981, 0, '[{"label":"Aire acondicionado","value":"air_conditioning"}]'::jsonb),
('276e59a0-a2f2-461f-9891-b3e330791c78', '5d0d41ba-ebc4-42cc-bf65-c5ed6cc1e8d5', 'Townhouse 3 ambientes en South Brooks', 'townhouse-3-ambientes-en-south-brooks', 'Laborum armarium attonbitus universe vindico corroboro. Sequi cunabula acies armarium sumptus. Acsi brevis callide spectaculum accusantium amicitia thesaurus atrox.', 'townhouse', '3027 The Ridings', 'Lake Conor', 'Iowa', 'Colombia', '00201-5488', 'Avon', -43.3038, -43.3107, 5, 1, 367, 343, 0, 0, 1999, 3, '[{"label":"Jardín","value":"garden"},{"label":"Ascensor","value":"elevator"}]'::jsonb),
('ec6048a4-2df8-4240-8e19-48ad302ed99a', '4900d528-c391-4088-8abf-85c4710fdb62', 'Commercial 1 ambientes en Lee''s Summit', 'commercial-1-ambientes-en-lee-s-summit', 'Curatio crebro earum adipiscor aspernatur taceo agnitio pax cariosus creta. Constans super clibanus maxime demonstro. Video synagoga bestia addo celebrer pariatur admoneo derelinquo.', 'commercial', '4710 N 2nd Street', 'Kerlukeburgh', 'South Dakota', 'Colombia', '62530-9194', 'Lee County', 7.5422, 134.2605, 0, 0, 304, 514, 0, 0, 1992, 2, '[{"label":"Jardín","value":"garden"},{"label":"Aire acondicionado","value":"air_conditioning"},{"label":"Estacionamiento","value":"parking"}]'::jsonb),
('9e0b4eff-7dd5-4d09-8311-b5b158c5ae93', '5d0d41ba-ebc4-42cc-bf65-c5ed6cc1e8d5', 'Office 1 ambientes en Walshberg', 'office-1-ambientes-en-walshberg', 'Acer utilis eveniet vigor theologus vulpes consequatur tenetur cuius. Quis uterque vorax tenuis cura curiositas. Capitulus amor conspergo cito clibanus canis adicio accommodo.', 'office', '436 Valentin Shores', 'South Shanashire', 'Mississippi', 'Colombia', '19296-6521', 'Marion County', -56.4411, 100.6504, 5, 4, 708, 686, 0, 0, 1983, 1, '[{"label":"Aire acondicionado","value":"air_conditioning"},{"label":"Calefacción","value":"heating"}]'::jsonb),
('38991e42-efdc-4a81-a654-b713a1d779d5', '4900d528-c391-4088-8abf-85c4710fdb62', 'Townhouse 1 ambientes en Danbury', 'townhouse-1-ambientes-en-danbury', 'Cenaculum utrimque thema solus ullam usque suggero. Subiungo sponte quae tantum articulus utrum ut adamo tremo. Conculco talus arto toties.', 'townhouse', '502 Wunsch Pike', 'Lake Kamren', 'Rhode Island', 'Colombia', '75936', 'Tyne and Wear', -71.5483, 157.4023, 1, 5, 890, 746, 0, 0, 2024, 0, '[{"label":"Jardín","value":"garden"},{"label":"Balcón","value":"balcony"}]'::jsonb),
('57ca74f6-72cb-431a-8a4f-26f6a64f6e33', '5d0d41ba-ebc4-42cc-bf65-c5ed6cc1e8d5', 'Office 4 ambientes en Port Albertotown', 'office-4-ambientes-en-port-albertotown', 'Corporis urbs demergo volo audax ustilo tergeo tepidus. Temptatio quidem apostolus adduco verumtamen provident theca dens angulus. Stillicidium curtus averto deprimo.', 'office', '62734 Antonina Hollow', 'Laylaboro', 'Ohio', 'Colombia', '70412-9146', 'Kent', 10.7368, -176.4825, 1, 2, 723, 91, 0, 0, 2002, 1, '[{"label":"Jardín","value":"garden"},{"label":"Aire acondicionado","value":"air_conditioning"},{"label":"Balcón","value":"balcony"},{"label":"Piscina","value":"pool"}]'::jsonb),
('21ab0e08-bdbc-45d1-8e8d-7a8b1032d3f5', '4900d528-c391-4088-8abf-85c4710fdb62', 'Condo 4 ambientes en Commerce City', 'condo-4-ambientes-en-commerce-city', 'Soluta deripio itaque super calco vulnus voluptatem sol aveho. Aequus adaugeo causa delectatio ustilo suscipio talis cursim. Correptius votum adhaero usque nihil.', 'condo', '7489 Gorczany Overpass', 'Corvallis', 'New York', 'Colombia', '71791-2918', 'County Tyrone', -45.4984, 133.47, 3, 1, 383, 65, 0, 0, 1974, 1, '[{"label":"Jardín","value":"garden"}]'::jsonb),
('f731285d-639b-4220-9ba7-dc9d31408e01', '5d0d41ba-ebc4-42cc-bf65-c5ed6cc1e8d5', 'Land 4 ambientes en Port Brenda', 'land-4-ambientes-en-port-brenda', 'Comedo dignissimos adhuc arcesso vos vociferor abeo virgo repudiandae ustilo. Ducimus deporto sopor apud adamo cohors. Baiulus speculum volubilis aliquid spectaculum decor ustilo atqui.', 'land', '896 Mosciski Trace', 'Alexandershire', 'Ohio', 'Colombia', '26361-6909', 'Cheshire', 66.7357, 101.6588, 0, 0, 539, 313, 1267, 0, 1978, 0, '[{"label":"Estacionamiento","value":"parking"},{"label":"Calefacción","value":"heating"}]'::jsonb);
-- Insertando 33 imágenes de propiedades...
INSERT INTO property_images (id, property_id, public_url, filename, file_size, mime_type, width, height, display_order, is_primary, alt_text)
  VALUES ('be65accc-6d18-4055-96b6-735319a976d8', '6e58c69d-f2e7-447f-875a-312222a25e7a', 'https://picsum.photos/seed/lnozx/1200/800', 'image-0-0.jpg', 343162, 'image/jpeg', 1200, 800, 0, true, 'Imagen 1 de Commercial 1 ambientes en New Gladyce'),
('cdbf030a-e3e0-4e51-a744-4c849b4612a2', '6e58c69d-f2e7-447f-875a-312222a25e7a', 'https://picsum.photos/seed/6zfXtNy2D/1200/800', 'image-0-1.jpg', 480562, 'image/jpeg', 1200, 800, 1, false, 'Imagen 2 de Commercial 1 ambientes en New Gladyce'),
('9de3396d-e53c-44d6-9a19-792bd310a983', '6e58c69d-f2e7-447f-875a-312222a25e7a', 'https://picsum.photos/seed/uZ8HpqIG/1200/800', 'image-0-2.jpg', 496503, 'image/jpeg', 1200, 800, 2, false, 'Imagen 3 de Commercial 1 ambientes en New Gladyce'),
('21b9411e-3535-4181-ac38-ea855afa8b70', '6e58c69d-f2e7-447f-875a-312222a25e7a', 'https://picsum.photos/seed/aGcx5rKlFN/1200/800', 'image-0-3.jpg', 470872, 'image/jpeg', 1200, 800, 3, false, 'Imagen 4 de Commercial 1 ambientes en New Gladyce'),
('62fe8d89-1c2d-4cb0-8445-1e846798e7fd', '189b6245-a95f-4931-b232-242e186f16fd', 'https://picsum.photos/seed/7OnSRNMi5o/1200/800', 'image-1-0.jpg', 169409, 'image/jpeg', 1200, 800, 0, true, 'Imagen 1 de House 3 ambientes en Schambergermouth'),
('b5fad2de-79c2-4862-a510-2f8f64871a39', '189b6245-a95f-4931-b232-242e186f16fd', 'https://picsum.photos/seed/3Ms3Z/1200/800', 'image-1-1.jpg', 123112, 'image/jpeg', 1200, 800, 1, false, 'Imagen 2 de House 3 ambientes en Schambergermouth'),
('f32141b0-8fd9-4498-b62e-7356dbc06704', '6d7674b8-3e68-4e91-bfa5-2c98ec243b09', 'https://picsum.photos/seed/xd0eY/1200/800', 'image-2-0.jpg', 420615, 'image/jpeg', 1200, 800, 0, true, 'Imagen 1 de Office 4 ambientes en Florineside'),
('f7187d17-25b7-4667-acef-c5b74d0e7aae', '6d7674b8-3e68-4e91-bfa5-2c98ec243b09', 'https://picsum.photos/seed/4w9JvG25/1200/800', 'image-2-1.jpg', 386530, 'image/jpeg', 1200, 800, 1, false, 'Imagen 2 de Office 4 ambientes en Florineside'),
('110fb545-ca22-41ac-b401-f4c96319ca80', '6d7674b8-3e68-4e91-bfa5-2c98ec243b09', 'https://picsum.photos/seed/iYBAKOE7k/1200/800', 'image-2-2.jpg', 471234, 'image/jpeg', 1200, 800, 2, false, 'Imagen 3 de Office 4 ambientes en Florineside'),
('35679f31-3ea4-4ddd-ae4c-7dbca28fe022', '6d7674b8-3e68-4e91-bfa5-2c98ec243b09', 'https://picsum.photos/seed/dvQJxAviz/1200/800', 'image-2-3.jpg', 375554, 'image/jpeg', 1200, 800, 3, false, 'Imagen 4 de Office 4 ambientes en Florineside'),
('ac2703bf-16c3-48b9-b35c-80c0b3f5524e', '276e59a0-a2f2-461f-9891-b3e330791c78', 'https://picsum.photos/seed/rISAopH/1200/800', 'image-3-0.jpg', 101287, 'image/jpeg', 1200, 800, 0, true, 'Imagen 1 de Townhouse 3 ambientes en South Brooks'),
('95c197a1-9889-4ac4-ad71-05cbc8725613', '276e59a0-a2f2-461f-9891-b3e330791c78', 'https://picsum.photos/seed/ZVDqDM7pQ/1200/800', 'image-3-1.jpg', 253533, 'image/jpeg', 1200, 800, 1, false, 'Imagen 2 de Townhouse 3 ambientes en South Brooks'),
('9925500d-484f-446d-bd2c-7721b76bc292', '276e59a0-a2f2-461f-9891-b3e330791c78', 'https://picsum.photos/seed/X43hgfUf/1200/800', 'image-3-2.jpg', 208780, 'image/jpeg', 1200, 800, 2, false, 'Imagen 3 de Townhouse 3 ambientes en South Brooks'),
('c7c1701e-2865-4e0a-9f8e-064bf4a397f9', '276e59a0-a2f2-461f-9891-b3e330791c78', 'https://picsum.photos/seed/9dfQy/1200/800', 'image-3-3.jpg', 309356, 'image/jpeg', 1200, 800, 3, false, 'Imagen 4 de Townhouse 3 ambientes en South Brooks'),
('1db1b817-72fd-4a76-ba80-8c70c3425c83', '276e59a0-a2f2-461f-9891-b3e330791c78', 'https://picsum.photos/seed/RerZL14sUx/1200/800', 'image-3-4.jpg', 299125, 'image/jpeg', 1200, 800, 4, false, 'Imagen 5 de Townhouse 3 ambientes en South Brooks'),
('ad6cf384-c9ac-46e8-a2bc-5de4f232ea27', 'ec6048a4-2df8-4240-8e19-48ad302ed99a', 'https://picsum.photos/seed/SNvXp/1200/800', 'image-4-0.jpg', 493645, 'image/jpeg', 1200, 800, 0, true, 'Imagen 1 de Commercial 1 ambientes en Lee''s Summit'),
('aa2e6208-8be1-4b2d-8d8b-57d757d52bd1', 'ec6048a4-2df8-4240-8e19-48ad302ed99a', 'https://picsum.photos/seed/lrKEC/1200/800', 'image-4-1.jpg', 240950, 'image/jpeg', 1200, 800, 1, false, 'Imagen 2 de Commercial 1 ambientes en Lee''s Summit'),
('7fa2a5a1-2d3d-44ab-8843-04afdcca4ea8', '9e0b4eff-7dd5-4d09-8311-b5b158c5ae93', 'https://picsum.photos/seed/sRxnY6q/1200/800', 'image-5-0.jpg', 116809, 'image/jpeg', 1200, 800, 0, true, 'Imagen 1 de Office 1 ambientes en Walshberg'),
('be4d4ecc-0fb4-4d4d-a1b8-13074944b0ed', '9e0b4eff-7dd5-4d09-8311-b5b158c5ae93', 'https://picsum.photos/seed/Tb4eN2AZ/1200/800', 'image-5-1.jpg', 442279, 'image/jpeg', 1200, 800, 1, false, 'Imagen 2 de Office 1 ambientes en Walshberg'),
('81d911ea-de98-4656-ac9e-79a9b38167af', '9e0b4eff-7dd5-4d09-8311-b5b158c5ae93', 'https://picsum.photos/seed/vD4fmt28h/1200/800', 'image-5-2.jpg', 488614, 'image/jpeg', 1200, 800, 2, false, 'Imagen 3 de Office 1 ambientes en Walshberg'),
('57394380-0301-45c9-984e-619158d7bf24', '9e0b4eff-7dd5-4d09-8311-b5b158c5ae93', 'https://picsum.photos/seed/pUIBjPX/1200/800', 'image-5-3.jpg', 428480, 'image/jpeg', 1200, 800, 3, false, 'Imagen 4 de Office 1 ambientes en Walshberg'),
('0a0409a1-6751-46c1-815f-aa590ae9db1e', '9e0b4eff-7dd5-4d09-8311-b5b158c5ae93', 'https://picsum.photos/seed/80qiuz27/1200/800', 'image-5-4.jpg', 323457, 'image/jpeg', 1200, 800, 4, false, 'Imagen 5 de Office 1 ambientes en Walshberg'),
('badb6a44-c7cd-4de6-a595-9bb5262e520a', '38991e42-efdc-4a81-a654-b713a1d779d5', 'https://picsum.photos/seed/4pjFBmd/1200/800', 'image-6-0.jpg', 495215, 'image/jpeg', 1200, 800, 0, true, 'Imagen 1 de Townhouse 1 ambientes en Danbury'),
('7b2708f6-0062-40c7-84e1-f5e9df4f6658', '38991e42-efdc-4a81-a654-b713a1d779d5', 'https://picsum.photos/seed/xLPrigc3/1200/800', 'image-6-1.jpg', 236979, 'image/jpeg', 1200, 800, 1, false, 'Imagen 2 de Townhouse 1 ambientes en Danbury'),
('4f85927a-76fe-4999-9360-783feb8d2c1c', '38991e42-efdc-4a81-a654-b713a1d779d5', 'https://picsum.photos/seed/W9sYtRAnhc/1200/800', 'image-6-2.jpg', 404720, 'image/jpeg', 1200, 800, 2, false, 'Imagen 3 de Townhouse 1 ambientes en Danbury'),
('879df6dc-9f31-4d7d-be0e-78ae07bbb245', '57ca74f6-72cb-431a-8a4f-26f6a64f6e33', 'https://picsum.photos/seed/dX0ZFP/1200/800', 'image-7-0.jpg', 217848, 'image/jpeg', 1200, 800, 0, true, 'Imagen 1 de Office 4 ambientes en Port Albertotown'),
('0bdb2cca-cd91-4716-8615-1cf1f8418cb0', '57ca74f6-72cb-431a-8a4f-26f6a64f6e33', 'https://picsum.photos/seed/iehNVpU/1200/800', 'image-7-1.jpg', 228598, 'image/jpeg', 1200, 800, 1, false, 'Imagen 2 de Office 4 ambientes en Port Albertotown'),
('73af95a1-e879-491a-93bd-c882c4742a0b', '57ca74f6-72cb-431a-8a4f-26f6a64f6e33', 'https://picsum.photos/seed/v2hH3/1200/800', 'image-7-2.jpg', 435736, 'image/jpeg', 1200, 800, 2, false, 'Imagen 3 de Office 4 ambientes en Port Albertotown'),
('3b5154d5-ce6e-46f1-ba76-ab02bafcfb41', '21ab0e08-bdbc-45d1-8e8d-7a8b1032d3f5', 'https://picsum.photos/seed/2mXvqscm/1200/800', 'image-8-0.jpg', 247925, 'image/jpeg', 1200, 800, 0, true, 'Imagen 1 de Condo 4 ambientes en Commerce City'),
('0c6dd3a7-e3a9-442a-9b5a-6b3e450184d0', '21ab0e08-bdbc-45d1-8e8d-7a8b1032d3f5', 'https://picsum.photos/seed/17pupwA/1200/800', 'image-8-1.jpg', 103969, 'image/jpeg', 1200, 800, 1, false, 'Imagen 2 de Condo 4 ambientes en Commerce City'),
('f8a4cc8f-20cc-4140-94c8-5504afd0ecc7', 'f731285d-639b-4220-9ba7-dc9d31408e01', 'https://picsum.photos/seed/4efuKt/1200/800', 'image-9-0.jpg', 123137, 'image/jpeg', 1200, 800, 0, true, 'Imagen 1 de Land 4 ambientes en Port Brenda'),
('ffcf8f15-3329-4c92-9ca6-a45e47eb020a', 'f731285d-639b-4220-9ba7-dc9d31408e01', 'https://picsum.photos/seed/XwevG/1200/800', 'image-9-1.jpg', 130495, 'image/jpeg', 1200, 800, 1, false, 'Imagen 2 de Land 4 ambientes en Port Brenda'),
('4c786027-30df-4cd3-bf3f-fbf946919f3c', 'f731285d-639b-4220-9ba7-dc9d31408e01', 'https://picsum.photos/seed/XwYKatIfDF/1200/800', 'image-9-2.jpg', 165080, 'image/jpeg', 1200, 800, 2, false, 'Imagen 3 de Land 4 ambientes en Port Brenda');
-- Insertando 10 listados...
INSERT INTO listings (id, property_id, agent_id, listing_type, price, currency, price_negotiable, whatsapp_contact, expenses_amount, expenses_included, status, featured, keywords, featured_until, meta_title, meta_description, views_count, enquiries_count, whatsapp_clicks, published_at, minimum_contract_duration, available_from)
  VALUES ('9c7005e3-a35d-4b16-a07a-146ef0c56cef', '6e58c69d-f2e7-447f-875a-312222a25e7a', '1ab9f54d-3f0f-40e8-9f18-f8ab7a9e04fe', 'rent', 798172, 'COP', false, '+5491112345678', 39065, false, 'active', true, '[{"label":"Calefacción","value":"heating"},{"label":"Gimnasio","value":"gym"},{"label":"Bodega","value":"warehouse"}]'::jsonb, NULL, 'Commercial 1 ambientes en New Gladyce - Alquiler', 'Adeptio atque usitas.', 282, 48, 58, '2026-02-03T20:17:55.847Z', 23, '2026-04-11'),
('c45efe6c-7739-425d-9311-f86cd5bca2e8', '189b6245-a95f-4931-b232-242e186f16fd', 'fdd7640d-dff8-4cfd-a372-f93a951a8c8d', 'rent', 85692, 'COP', false, '+5491112345678', 5001, true, 'active', true, '[{"label":"Seguridad","value":"security"},{"label":"Ascensor","value":"elevator"},{"label":"Otro","value":"other"}]'::jsonb, NULL, 'House 3 ambientes en Schambergermouth - Alquiler', 'Ab suspendo voco caelestis.', 663, 37, 85, '2026-02-02T14:05:28.560Z', 15, '2026-04-05'),
('bd25ecfc-69a1-48b2-ac9f-0494bc1885ed', '6d7674b8-3e68-4e91-bfa5-2c98ec243b09', '9437591f-fb84-4da2-9edf-b96ed006cf29', 'sale', 488630, 'USD', false, '+5491112345678', 74253, false, 'active', false, '[{"label":"Bodega","value":"warehouse"},{"label":"Jardín","value":"garden"},{"label":"Ascensor","value":"elevator"}]'::jsonb, NULL, 'Office 4 ambientes en Florineside - Venta', 'Substantia suscipio libero vinitor derelinquo creator ascisco terror tabernus.', 384, 1, 84, '2025-12-27T13:52:30.574Z', NULL, NULL),
('bf73bd8f-08bd-42c8-a62d-244dac499de0', '276e59a0-a2f2-461f-9891-b3e330791c78', 'fdd7640d-dff8-4cfd-a372-f93a951a8c8d', 'rent', 571416, 'COP', true, '+5491112345678', 38531, false, 'active', false, '[{"label":"Townhouse","value":"townhouse"},{"label":"Gimnasio","value":"gym"},{"label":"Aire acondicionado","value":"air_conditioning"}]'::jsonb, NULL, 'Townhouse 3 ambientes en South Brooks - Alquiler', 'Stillicidium concedo adstringo corrumpo vinco sapiente.', 672, 32, 20, '2026-02-02T04:48:48.056Z', 29, '2026-03-29'),
('446f182f-16bb-4656-a437-44af911f4199', 'ec6048a4-2df8-4240-8e19-48ad302ed99a', '1ab9f54d-3f0f-40e8-9f18-f8ab7a9e04fe', 'rent', 64355, 'USD', true, '+5491112345678', 69223, false, 'active', false, '[{"label":"Terreno","value":"land"},{"label":"Casa","value":"house"},{"label":"Seguridad","value":"security"}]'::jsonb, NULL, 'Commercial 1 ambientes en Lee''s Summit - Alquiler', 'Arma vinco tabgo.', 883, 10, 59, '2026-02-27T15:40:25.132Z', 27, '2026-04-07'),
('0947f6d3-af10-461b-8e64-6b099a3b13eb', '9e0b4eff-7dd5-4d09-8311-b5b158c5ae93', 'fdd7640d-dff8-4cfd-a372-f93a951a8c8d', 'rent', 253686, 'COP', true, '+5491112345678', 10940, true, 'active', false, '[{"label":"Oficina","value":"office"},{"label":"Gimnasio","value":"gym"},{"label":"Townhouse","value":"townhouse"}]'::jsonb, NULL, 'Office 1 ambientes en Walshberg - Alquiler', 'Trans vicissitudo illum averto provident talus taceo eligendi aegrotatio.', 371, 46, 59, '2026-02-13T00:00:32.999Z', 14, '2026-04-06'),
('eac7a3b6-7ae1-4d47-a048-07e1c6a42212', '38991e42-efdc-4a81-a654-b713a1d779d5', '9437591f-fb84-4da2-9edf-b96ed006cf29', 'sale', 823420, 'USD', true, '+5491112345678', 32473, true, 'active', false, '[{"label":"Jardín","value":"garden"},{"label":"Balcón","value":"balcony"},{"label":"Apartamento","value":"apartment"}]'::jsonb, NULL, 'Townhouse 1 ambientes en Danbury - Venta', 'Cohors vereor viridis compello conspergo dicta vilis utor ambulo.', 393, 28, 50, '2026-01-12T23:57:23.369Z', NULL, NULL),
('daddb792-a2b3-4120-8bb8-2102e3513893', '57ca74f6-72cb-431a-8a4f-26f6a64f6e33', 'fdd7640d-dff8-4cfd-a372-f93a951a8c8d', 'rent', 272493, 'COP', false, '+5491112345678', 63549, false, 'active', false, '[{"label":"Bodega","value":"warehouse"},{"label":"Condominio","value":"condo"},{"label":"Apartamento","value":"apartment"}]'::jsonb, '2026-06-25T19:42:22.722Z', 'Office 4 ambientes en Port Albertotown - Alquiler', 'Usus quos exercitationem ancilla pecto angulus.', 337, 7, 69, '2026-01-14T02:43:00.578Z', 18, '2026-04-22'),
('3860c178-ab40-4b8d-8dd7-5c72de716ce3', '21ab0e08-bdbc-45d1-8e8d-7a8b1032d3f5', '1ab9f54d-3f0f-40e8-9f18-f8ab7a9e04fe', 'sale', 419935, 'USD', false, '+5491112345678', 11323, false, 'active', false, '[{"label":"Oficina","value":"office"},{"label":"Aire acondicionado","value":"air_conditioning"},{"label":"Comercial","value":"commercial"}]'::jsonb, NULL, 'Condo 4 ambientes en Commerce City - Venta', 'Bonus consequatur corroboro aegrotatio corpus.', 464, 36, 66, '2026-02-28T08:08:45.374Z', NULL, NULL),
('03a70cc8-1c9c-4cc8-82a9-b23ebec9ae9a', 'f731285d-639b-4220-9ba7-dc9d31408e01', 'fdd7640d-dff8-4cfd-a372-f93a951a8c8d', 'rent', 730577, 'COP', true, '+5491112345678', 34813, true, 'active', false, '[{"label":"Ascensor","value":"elevator"},{"label":"Calefacción","value":"heating"},{"label":"Bodega","value":"warehouse"}]'::jsonb, '2026-07-31T14:22:34.749Z', 'Land 4 ambientes en Port Brenda - Alquiler', 'Traho soluta theca cernuus stultus celer.', 940, 32, 32, '2026-01-19T19:21:28.319Z', 11, '2026-04-16');
-- Insertando 5 favoritos...
INSERT INTO favorites (id, profile_id, listing_id)
  VALUES ('4adcc31b-5604-40e3-b80a-5ee5efdd3911', '70e4a488-2fcf-4e9e-8130-564d5482c1fc', '0947f6d3-af10-461b-8e64-6b099a3b13eb'),
('cdf30620-5c95-4a30-9c9c-0d999d99fc7b', '70e4a488-2fcf-4e9e-8130-564d5482c1fc', 'daddb792-a2b3-4120-8bb8-2102e3513893'),
('583ffacb-907a-4a5f-828b-ba42a92b7ad2', '136dd086-315f-458b-95ff-474409804e32', '03a70cc8-1c9c-4cc8-82a9-b23ebec9ae9a'),
('bdcf8762-94e9-4950-8061-9eea3de3b4cf', '136dd086-315f-458b-95ff-474409804e32', 'eac7a3b6-7ae1-4d47-a048-07e1c6a42212'),
('d051fddf-1613-4374-a122-fcf74c543245', '136dd086-315f-458b-95ff-474409804e32', '446f182f-16bb-4656-a437-44af911f4199');
-- Insertando 8 inquiries...
INSERT INTO enquiries (id, listing_id, name, email, phone, message, source, utm_source, utm_medium, utm_campaign, referrer, status, notes, assigned_to)
  VALUES ('acd58dfe-537b-477d-a5d6-57c23f2997a3', '9c7005e3-a35d-4b16-a07a-146ef0c56cef', 'María González', 'maria.gonzalez@email.com', '+57 45678901', 'Me interesa esta propiedad. ¿Está disponible para visitarla este fin de semana?', 'web', NULL, NULL, NULL, NULL, 'new', NULL, '1ab9f54d-3f0f-40e8-9f18-f8ab7a9e04fe'),
('5a292432-d4ef-4925-bc51-8dc2a33d340d', 'c45efe6c-7739-425d-9311-f86cd5bca2e8', 'Juan Pérez', 'jperez@email.com', '+5491156789012', '¿El precio es negociable? ¿Incluye los muebles?', 'web', NULL, NULL, NULL, NULL, 'new', NULL, '9437591f-fb84-4da2-9edf-b96ed006cf29'),
('ac27517e-0433-4e77-bc27-69fc6d203589', 'bd25ecfc-69a1-48b2-ac9f-0494bc1885ed', 'Ana Martínez', 'anam@email.com', '+5491134567890', '¿Tienen fotos adicionales? ¿La pileta es temperada?', 'whatsapp', NULL, NULL, NULL, NULL, 'new', NULL, 'fdd7640d-dff8-4cfd-a372-f93a951a8c8d'),
('880087d2-0730-4b19-b426-c6c2c3a9e610', 'bf73bd8f-08bd-42c8-a62d-244dac499de0', 'Carlos Ruiz', 'cruiz@email.com', '+5491167890123', 'Necesito algo urgente para mudar mi familia en 2 meses.', 'phone', NULL, NULL, NULL, NULL, 'contacted', NULL, '1ab9f54d-3f0f-40e8-9f18-f8ab7a9e04fe'),
('8c350fae-49a5-4dfe-bb44-f0bb9f451745', '446f182f-16bb-4656-a437-44af911f4199', 'Laura Sánchez', 'laura.s@email.com', '+5491123456789', '¿Aceptan permuta con un propiedad más chica?', 'referral', NULL, NULL, NULL, NULL, 'contacted', NULL, '9437591f-fb84-4da2-9edf-b96ed006cf29'),
('e25e0129-2f78-437a-9cc9-edc003a66eee', '0947f6d3-af10-461b-8e64-6b099a3b13eb', 'Diego Fernández', 'dfernandez@email.com', NULL, 'Me gustaría recibir más información sobre esta propiedad.', 'web', NULL, NULL, NULL, NULL, 'new', NULL, 'fdd7640d-dff8-4cfd-a372-f93a951a8c8d'),
('b43256d1-b847-4496-b218-e5baed9ae650', 'eac7a3b6-7ae1-4d47-a048-07e1c6a42212', 'Patricia López', 'pato.lopez@email.com', '+5491143210987', '¿El edificio tiene gimnasio? ¿Las expensas son altas?', 'whatsapp', NULL, NULL, NULL, NULL, 'contacted', NULL, '1ab9f54d-3f0f-40e8-9f18-f8ab7a9e04fe'),
('c1971f31-9b0a-4812-994f-df4f6500b739', 'daddb792-a2b3-4120-8bb8-2102e3513893', 'Roberto García', 'rgarcia@email.com', NULL, 'Estoy buscando inversión. ¿Es buena zona para alquilar?', 'web', NULL, NULL, NULL, NULL, 'contacted', NULL, '9437591f-fb84-4da2-9edf-b96ed006cf29');
