-- Insertando 2 inmobiliarias...
INSERT INTO real_estates (id, name, description, whatsapp, street, city, state, postal_code, country, logo_url)
  VALUES ('5fb9220d-9b0f-4d32-a248-6492457c3890', 'Inmobiliaria Costa del Plata', 'Advoco vinum vociferor titulus. Alter stella decerno animus deputo.', '+5491109263551', '798 Walker Cliff', 'North Eribertobury', 'Port Fletcher', 'New Brooks', 'Nottinghamshire', 'https://picsum.photos/seed/ZLc0O/200/200'),
('bbc151d9-5145-4bae-b71b-c8c786010a58', 'Urban Living Argentina', 'Cunae temeritas calco aestus. Arx vetus titulus recusandae ut.', '+5491181858831', '48805 Fadel Course', 'Fort Enola', 'Mayrabury', 'West Hartford', 'Montgomery County', 'https://picsum.photos/seed/ih2Bv3h/200/200');
-- Insertando 2 coordinadores...
INSERT INTO profiles (id, email, full_name, phone, role, avatar_url)
  VALUES ('e327f3ac-3b5a-4a81-9d52-09a083a2b6e2', 'coordinador1@zonaraiz.test', 'Mrs. Serenity Okuneva', '+57 31766706', 'real-estate', 'https://picsum.photos/seed/TTDll/200/200'),
('beeca12e-901a-4028-bba3-b35bada91543', 'coordinador2@zonaraiz.test', 'Lonie Kuvalis', '+57 54326592', 'real-estate', 'https://picsum.photos/seed/Ih1EaW/200/200');
-- Insertando 6 agentes...
INSERT INTO profiles (id, email, full_name, phone, role, avatar_url)
  VALUES ('fe50e6ff-d46d-4528-beb9-19f28ebbb54c', 'agente1@zonaraiz.test', 'Johnpaul Schmeler', '+57 73177018', 'real-estate', 'https://picsum.photos/seed/Tkn5z2sxh/200/200'),
('900d528c-3910-488a-9bf8-5c4710fdb622', 'agente2@zonaraiz.test', 'Maggie Wilkinson', '+57 59891864', 'real-estate', 'https://picsum.photos/seed/qfmK0722/200/200'),
('db717726-69a0-45a8-bda2-1a09f96a78f6', 'agente3@zonaraiz.test', 'Aubrey Auer', '+57 71470609', 'real-estate', 'https://picsum.photos/seed/jQ1Oh/200/200'),
('1baebc42-ccf6-45c5-9ed6-cc1e8d5e60e1', 'agente4@zonaraiz.test', 'Kiera Kirlin', '+57 39579809', 'real-estate', 'https://picsum.photos/seed/KNM5u3yrT/200/200'),
('512c911b-1db1-41f5-85df-fc61c86e1707', 'agente5@zonaraiz.test', 'Maria McCullough III', '+57 35714087', 'real-estate', 'https://picsum.photos/seed/dX0Y2TwZ4y/200/200'),
('f8ab7a9e-04fe-4794-b375-91ffb84da2ed', 'agente6@zonaraiz.test', 'Hazle Streich', '+57 12373027', 'real-estate', 'https://picsum.photos/seed/OZ9AnYQ/200/200');
-- Insertando 3 clientes...
INSERT INTO profiles (id, email, full_name, phone, role, avatar_url)
  VALUES ('d7640ddf-f8cf-4d37-b2f9-3a951a8c8d88', 'cliente1@zonaraiz.test', 'Amelia Mraz', '+57 29166774', 'real-estate', 'https://picsum.photos/seed/0lAor/200/200'),
('e58c69df-2e74-47f7-85a3-12222a25e7a2', 'cliente2@zonaraiz.test', 'Emma Bogisich', '+57 51470089', 'real-estate', 'https://picsum.photos/seed/mvG2NC/200/200'),
('1de04cb2-3579-457b-904b-e88178346053', 'cliente3@zonaraiz.test', 'Laurel Schamberger', '+57 17822825', 'real-estate', 'https://picsum.photos/seed/AKq7hmEz/200/200');
-- Insertando 8 relaciones agente-inmobiliaria...
INSERT INTO real_estate_agents (id, real_estate_id, profile_id, role)
  VALUES ('5f931232-242e-4186-9f16-fdd42ae894c2', '5fb9220d-9b0f-4d32-a248-6492457c3890', 'e327f3ac-3b5a-4a81-9d52-09a083a2b6e2', 'coordinator'),
('68319492-7805-421f-85c4-ac9765edf1bf', 'bbc151d9-5145-4bae-b71b-c8c786010a58', 'beeca12e-901a-4028-bba3-b35bada91543', 'coordinator'),
('1b9d2c32-2da8-45e6-ad76-74b83e68e91f', '5fb9220d-9b0f-4d32-a248-6492457c3890', 'fe50e6ff-d46d-4528-beb9-19f28ebbb54c', 'agent'),
('52c98ec2-43b0-49ce-95d1-d26c23bbab84', 'bbc151d9-5145-4bae-b71b-c8c786010a58', '900d528c-3910-488a-9bf8-5c4710fdb622', 'agent'),
('2e967f29-890d-4e9b-beb2-996bee71fd1e', '5fb9220d-9b0f-4d32-a248-6492457c3890', 'db717726-69a0-45a8-bda2-1a09f96a78f6', 'agent'),
('89605c05-68e5-45b7-9372-276e59a0a2f2', 'bbc151d9-5145-4bae-b71b-c8c786010a58', '1baebc42-ccf6-45c5-9ed6-cc1e8d5e60e1', 'agent'),
('1f891b3e-3307-491c-a787-6822df54a602', '5fb9220d-9b0f-4d32-a248-6492457c3890', '512c911b-1db1-41f5-85df-fc61c86e1707', 'agent'),
('a033a01c-2a31-43bd-9d6a-34e0130296ed', 'bbc151d9-5145-4bae-b71b-c8c786010a58', 'f8ab7a9e-04fe-4794-b375-91ffb84da2ed', 'agent');
-- Insertando 10 propiedades...
INSERT INTO properties (id, real_estate_id, title, slug, description, property_type, street, city, state, country, postal_code, neighborhood, latitude, longitude, bedrooms, bathrooms, total_area, built_area, lot_area, floors, year_built, parking_spots, amenities)
  VALUES ('ec6048a4-2df8-4240-8e19-48ad302ed99a', '5fb9220d-9b0f-4d32-a248-6492457c3890', 'Condo 1 ambientes en Lee''s Summit', 'condo-1-ambientes-en-lees-summit', 'Curatio crebro earum adipiscor aspernatur taceo agnitio pax cariosus creta. Constans super clibanus maxime demonstro. Video synagoga bestia addo celebrer pariatur admoneo derelinquo.', 'condo', '4710 N 2nd Street', 'Kerlukeburgh', 'South Dakota', 'Colombia', '62530-9194', 'Lee County', 7.5422, 134.2605, 2, 3, 304, 514, 0, 0, 1992, 2, '[{"label":"Jardín","value":"garden"},{"label":"Aire acondicionado","value":"air_conditioning"},{"label":"Estacionamiento","value":"parking"}]'),
('9e0b4eff-7dd5-4d09-8311-b5b158c5ae93', 'bbc151d9-5145-4bae-b71b-c8c786010a58', 'Office 1 ambientes en Walshberg', 'office-1-ambientes-en-walshberg', 'Acer utilis eveniet vigor theologus vulpes consequatur tenetur cuius. Quis uterque vorax tenuis cura curiositas. Capitulus amor conspergo cito clibanus canis adicio accommodo.', 'office', '436 Valentin Shores', 'South Shanashire', 'Mississippi', 'Colombia', '19296-6521', 'Marion County', -56.4411, 100.6504, 5, 4, 708, 686, 0, 0, 1983, 1, '[{"label":"Aire acondicionado","value":"air_conditioning"},{"label":"Calefacción","value":"heating"}]'),
('38991e42-efdc-4a81-a654-b713a1d779d5', '5fb9220d-9b0f-4d32-a248-6492457c3890', 'Townhouse 1 ambientes en Danbury', 'townhouse-1-ambientes-en-danbury', 'Cenaculum utrimque thema solus ullam usque suggero. Subiungo sponte quae tantum articulus utrum ut adamo tremo. Conculco talus arto toties.', 'townhouse', '502 Wunsch Pike', 'Lake Kamren', 'Rhode Island', 'Colombia', '75936', 'Tyne and Wear', -71.5483, 157.4023, 1, 5, 890, 746, 0, 0, 2024, 0, '[{"label":"Jardín","value":"garden"},{"label":"Balcón","value":"balcony"}]'),
('57ca74f6-72cb-431a-8a4f-26f6a64f6e33', 'bbc151d9-5145-4bae-b71b-c8c786010a58', 'Office 4 ambientes en Port Albertotown', 'office-4-ambientes-en-port-albertotown', 'Corporis urbs demergo volo audax ustilo tergeo tepidus. Temptatio quidem apostolus adduco verumtamen provident theca dens angulus. Stillicidium curtus averto deprimo.', 'office', '62734 Antonina Hollow', 'Laylaboro', 'Ohio', 'Colombia', '70412-9146', 'Kent', 10.7368, -176.4825, 1, 2, 723, 91, 0, 0, 2002, 1, '[{"label":"Jardín","value":"garden"},{"label":"Aire acondicionado","value":"air_conditioning"},{"label":"Balcón","value":"balcony"},{"label":"Piscina","value":"pool"}]'),
('21ab0e08-bdbc-45d1-8e8d-7a8b1032d3f5', '5fb9220d-9b0f-4d32-a248-6492457c3890', 'Condo 4 ambientes en Commerce City', 'condo-4-ambientes-en-commerce-city', 'Soluta deripio itaque super calco vulnus voluptatem sol aveho. Aequus adaugeo causa delectatio ustilo suscipio talis cursim. Correptius votum adhaero usque nihil.', 'condo', '7489 Gorczany Overpass', 'Corvallis', 'New York', 'Colombia', '71791-2918', 'County Tyrone', -45.4984, 133.47, 3, 1, 383, 65, 0, 0, 1974, 1, '[{"label":"Jardín","value":"garden"}]'),
('f731285d-639b-4220-9ba7-dc9d31408e01', 'bbc151d9-5145-4bae-b71b-c8c786010a58', 'Land 4 ambientes en Port Brenda', 'land-4-ambientes-en-port-brenda', 'Comedo dignissimos adhuc arcesso vos vociferor abeo virgo repudiandae ustilo. Ducimus deporto sopor apud adamo cohors. Baiulus speculum volubilis aliquid spectaculum decor ustilo atqui.', 'land', '896 Mosciski Trace', 'Alexandershire', 'Ohio', 'Colombia', '26361-6909', 'Cheshire', 66.7357, 101.6588, 0, 0, 539, 313, 1267, 0, 1978, 0, '[{"label":"Estacionamiento","value":"parking"},{"label":"Calefacción","value":"heating"}]'),
('56b67353-19a9-476d-8870-566989cdbf03', '5fb9220d-9b0f-4d32-a248-6492457c3890', 'Commercial 5 ambientes en New Abrahamborough', 'commercial-5-ambientes-en-new-abrahamborough', 'Velociter careo vestigium adulescens victus consequuntur ambitus depereo. Cinis cohibeo thymbra fugit colo. Sumptus certe cupio animus attollo stabilis attonbitus.', 'commercial', '7152 Milton Road', 'Miami', 'Arizona', 'Colombia', '96882-2648', 'Suffolk', -26.3842, -94.7266, 0, 0, 752, 708, 0, 0, 1992, 1, '[{"label":"Estacionamiento","value":"parking"},{"label":"Jardín","value":"garden"},{"label":"Balcón","value":"balcony"},{"label":"Aire acondicionado","value":"air_conditioning"}]'),
('a983697f-2b66-4bbf-b21b-9411e3535181', 'bbc151d9-5145-4bae-b71b-c8c786010a58', 'Warehouse 5 ambientes en North Alberta', 'warehouse-5-ambientes-en-north-alberta', 'Harum utrum soleo expedita. Concedo sortitus vulgus somniculosus labore. Delego adulescens libero vita atque strues averto facilis.', 'warehouse', '57367 E Broad Street', 'East Zachery', 'Washington', 'Colombia', '85607-1877', 'Clark County', -35.4369, -85.2795, 2, 5, 452, 548, 0, 0, 1975, 2, '[{"label":"Calefacción","value":"heating"},{"label":"Gimnasio","value":"gym"},{"label":"Jardín","value":"garden"}]'),
('d6edcc41-62b5-4fad-a2de-79c28625102f', '5fb9220d-9b0f-4d32-a248-6492457c3890', 'Townhouse 5 ambientes en Fort Bettye', 'townhouse-5-ambientes-en-fort-bettye', 'Damnatio color dicta decerno amiculum saepe bibo quaerat sol argentum. Termes degero adsum. Adsuesco sub vorago capitulus aranea animus cognatus amaritudo stultus advenio.', 'townhouse', '9863 Legros Key', 'Fort Israelberg', 'Maine', 'Colombia', '87704', 'County Londonderry', -86.5454, -86.4673, 1, 5, 576, 272, 0, 0, 1991, 1, '[{"label":"Jardín","value":"garden"},{"label":"Ascensor","value":"elevator"},{"label":"Aire acondicionado","value":"air_conditioning"},{"label":"Seguridad","value":"security"}]'),
('b7667cef-c5b7-44d0-ae7a-aea9182b8a01', 'bbc151d9-5145-4bae-b71b-c8c786010a58', 'Office 5 ambientes en South Cameronborough', 'office-5-ambientes-en-south-cameronborough', 'Aequitas abundans viscus. Conservo clibanus consectetur teres solvo audax atavus altus. Tendo celo accusator agnitio volaticus clementia tenus quibusdam.', 'office', '2167 Lehner Bypass', 'Sanford', 'Iowa', 'Colombia', '65786-1392', 'Borders', -12.2262, -21.8142, 1, 3, 254, 49, 0, 0, 1983, 3, '[{"label":"Estacionamiento","value":"parking"},{"label":"Aire acondicionado","value":"air_conditioning"},{"label":"Piscina","value":"pool"},{"label":"Ascensor","value":"elevator"},{"label":"Calefacción","value":"heating"}]');
-- Insertando 38 imágenes de propiedades...
INSERT INTO property_images (id, property_id, public_url, filename, file_size, mime_type, width, height, display_order, is_primary, alt_text)
  VALUES ('f313ea4d-dde4-4c7d-abca-28fe022bd38d', 'ec6048a4-2df8-4240-8e19-48ad302ed99a', 'https://picsum.photos/seed/AvizGSDL/1200/800', 'image-0-0.jpg', 164028, 'image/jpeg', 1200, 800, 0, true, 'Imagen 1 de Condo 1 ambientes en Lee''s Summit'),
('703bf16c-38b9-435c-a80c-0b3f5524ef57', 'ec6048a4-2df8-4240-8e19-48ad302ed99a', 'https://picsum.photos/seed/AopH0CmN5A/1200/800', 'image-0-1.jpg', 292389, 'image/jpeg', 1200, 800, 1, false, 'Imagen 2 de Condo 1 ambientes en Lee''s Summit'),
('a19889ac-4d71-405c-abc8-7256139bfea6', 'ec6048a4-2df8-4240-8e19-48ad302ed99a', 'https://picsum.photos/seed/7pQnzAbmk/1200/800', 'image-0-2.jpg', 110478, 'image/jpeg', 1200, 800, 2, false, 'Imagen 3 de Condo 1 ambientes en Lee''s Summit'),
('0d484f46-dd2c-4772-91b7-6bc292caf104', 'ec6048a4-2df8-4240-8e19-48ad302ed99a', 'https://picsum.photos/seed/UfgLrM/1200/800', 'image-0-3.jpg', 126146, 'image/jpeg', 1200, 800, 3, false, 'Imagen 4 de Condo 1 ambientes en Lee''s Summit'),
('01e2865e-0af8-4e06-b4bf-4a397f951234', '9e0b4eff-7dd5-4d09-8311-b5b158c5ae93', 'https://picsum.photos/seed/w7RI4Hx5/1200/800', 'image-1-0.jpg', 283320, 'image/jpeg', 1200, 800, 0, true, 'Imagen 1 de Office 1 ambientes en Walshberg'),
('72fda76a-808c-470c-8342-5c83eed37fc0', '9e0b4eff-7dd5-4d09-8311-b5b158c5ae93', 'https://picsum.photos/seed/Uxu6EOn/1200/800', 'image-1-1.jpg', 410245, 'image/jpeg', 1200, 800, 1, false, 'Imagen 2 de Office 1 ambientes en Walshberg'),
('f384c9ac-6e82-4bc5-ade4-f232ea2791ec', '9e0b4eff-7dd5-4d09-8311-b5b158c5ae93', 'https://picsum.photos/seed/pZFDaSqa0y/1200/800', 'image-1-2.jpg', 310960, 'image/jpeg', 1200, 800, 2, false, 'Imagen 3 de Office 1 ambientes en Walshberg'),
('e1b2dd8b-57d7-457d-b52b-d13257ba95d7', '38991e42-efdc-4a81-a654-b713a1d779d5', 'https://picsum.photos/seed/7FkG4aRe/1200/800', 'image-2-0.jpg', 434817, 'image/jpeg', 1200, 800, 0, true, 'Imagen 1 de Townhouse 1 ambientes en Danbury'),
('4ab84304-afdc-4ca4-9ea8-177d86f160be', '38991e42-efdc-4a81-a654-b713a1d779d5', 'https://picsum.photos/seed/iUKN1XJiPh/1200/800', 'image-2-1.jpg', 449102, 'image/jpeg', 1200, 800, 1, false, 'Imagen 2 de Townhouse 1 ambientes en Danbury'),
('1b813074-944b-40ed-8a9e-213c09fd81d9', '38991e42-efdc-4a81-a654-b713a1d779d5', 'https://picsum.photos/seed/UFPSz/1200/800', 'image-2-2.jpg', 306979, 'image/jpeg', 1200, 800, 2, false, 'Imagen 3 de Townhouse 1 ambientes en Danbury'),
('656c9e79-a9b3-4816-97af-9b8a1457024f', '38991e42-efdc-4a81-a654-b713a1d779d5', 'https://picsum.photos/seed/cBhcw00/1200/800', 'image-2-3.jpg', 187627, 'image/jpeg', 1200, 800, 3, false, 'Imagen 4 de Townhouse 1 ambientes en Danbury'),
('15c984e6-1915-48d7-abf2-4666eb94dfd0', '57ca74f6-72cb-431a-8a4f-26f6a64f6e33', 'https://picsum.photos/seed/f3BG7/1200/800', 'image-3-0.jpg', 253535, 'image/jpeg', 1200, 800, 0, true, 'Imagen 1 de Office 4 ambientes en Port Albertotown'),
('7516c115-faa5-490a-8e9d-b1e182064790', '57ca74f6-72cb-431a-8a4f-26f6a64f6e33', 'https://picsum.photos/seed/lJEQGqFh/1200/800', 'image-3-1.jpg', 222525, 'image/jpeg', 1200, 800, 1, false, 'Imagen 2 de Office 4 ambientes en Port Albertotown'),
('7cdde659-59bb-4526-b2e5-20aa5164a953', '21ab0e08-bdbc-45d1-8e8d-7a8b1032d3f5', 'https://picsum.photos/seed/G8u1vXn/1200/800', 'image-4-0.jpg', 115598, 'image/jpeg', 1200, 800, 0, true, 'Imagen 1 de Condo 4 ambientes en Commerce City'),
('0620c74e-1f5e-49df-84f6-658288cd7443', '21ab0e08-bdbc-45d1-8e8d-7a8b1032d3f5', 'https://picsum.photos/seed/gXylz8r/1200/800', 'image-4-1.jpg', 350494, 'image/jpeg', 1200, 800, 1, false, 'Imagen 2 de Condo 4 ambientes en Commerce City'),
('76fe9993-6078-43fe-ab8d-2c1c4ef27f7d', '21ab0e08-bdbc-45d1-8e8d-7a8b1032d3f5', 'https://picsum.photos/seed/hcLnvuz/1200/800', 'image-4-2.jpg', 446231, 'image/jpeg', 1200, 800, 2, false, 'Imagen 3 de Condo 4 ambientes en Commerce City'),
('f6dc9f31-d7de-40e7-88ae-07bbb245c43f', '21ab0e08-bdbc-45d1-8e8d-7a8b1032d3f5', 'https://picsum.photos/seed/FPi0JPJ8KL/1200/800', 'image-4-3.jpg', 363416, 'image/jpeg', 1200, 800, 3, false, 'Imagen 4 de Condo 4 ambientes en Commerce City'),
('cd917166-151c-4f1f-b841-8cb016434ce6', '21ab0e08-bdbc-45d1-8e8d-7a8b1032d3f5', 'https://picsum.photos/seed/teDYBm/1200/800', 'image-4-4.jpg', 359127, 'image/jpeg', 1200, 800, 4, false, 'Imagen 5 de Condo 4 ambientes en Commerce City'),
('e87991a3-bdc8-482c-8474-2a0b50804b1d', 'f731285d-639b-4220-9ba7-dc9d31408e01', 'https://picsum.photos/seed/Jj6mgQ/1200/800', 'image-5-0.jpg', 225339, 'image/jpeg', 1200, 800, 0, true, 'Imagen 1 de Land 4 ambientes en Port Brenda'),
('ce6e6f1a-76ab-402b-8afc-fb41ca05f867', 'f731285d-639b-4220-9ba7-dc9d31408e01', 'https://picsum.photos/seed/m3LpOQd/1200/800', 'image-5-1.jpg', 362942, 'image/jpeg', 1200, 800, 1, false, 'Imagen 2 de Land 4 ambientes en Port Brenda'),
('e3a942ab-5a6b-43e4-a501-84d065016768', '56b67353-19a9-476d-8870-566989cdbf03', 'https://picsum.photos/seed/sXwGj/1200/800', 'image-6-0.jpg', 409597, 'image/jpeg', 1200, 800, 0, true, 'Imagen 1 de Commercial 5 ambientes en New Abrahamborough'),
('c8f20cc1-404c-4855-904a-fd0ecc764133', '56b67353-19a9-476d-8870-566989cdbf03', 'https://picsum.photos/seed/t3XWMZxX4/1200/800', 'image-6-1.jpg', 246272, 'image/jpeg', 1200, 800, 1, false, 'Imagen 2 de Commercial 5 ambientes en New Abrahamborough'),
('3329c92c-a6a4-45e4-97eb-020a72f838a1', '56b67353-19a9-476d-8870-566989cdbf03', 'https://picsum.photos/seed/sxq2arc3Q/1200/800', 'image-6-2.jpg', 492477, 'image/jpeg', 1200, 800, 2, false, 'Imagen 3 de Commercial 5 ambientes en New Abrahamborough'),
('d3f3ffbf-9469-419f-a3ce-ff8fc27b3aa2', 'a983697f-2b66-4bbf-b21b-9411e3535181', 'https://picsum.photos/seed/u00mVeDdj/1200/800', 'image-7-0.jpg', 439217, 'image/jpeg', 1200, 800, 0, true, 'Imagen 1 de Warehouse 5 ambientes en North Alberta'),
('b1607a14-6ef0-4c56-8cef-95c495a33e18', 'a983697f-2b66-4bbf-b21b-9411e3535181', 'https://picsum.photos/seed/2aRhW/1200/800', 'image-7-1.jpg', 332649, 'image/jpeg', 1200, 800, 1, false, 'Imagen 2 de Warehouse 5 ambientes en North Alberta'),
('698c45ef-e6c7-4739-825d-311f86cd5bca', 'a983697f-2b66-4bbf-b21b-9411e3535181', 'https://picsum.photos/seed/xhq27L0pw3/1200/800', 'image-7-2.jpg', 489232, 'image/jpeg', 1200, 800, 2, false, 'Imagen 3 de Warehouse 5 ambientes en North Alberta'),
('34430bf3-abd6-445b-ad25-ecfc69a18b2c', 'a983697f-2b66-4bbf-b21b-9411e3535181', 'https://picsum.photos/seed/2gBiIL6vvm/1200/800', 'image-7-3.jpg', 473170, 'image/jpeg', 1200, 800, 3, false, 'Imagen 4 de Warehouse 5 ambientes en North Alberta'),
('dbb7ebbd-4c35-45fd-9bb8-f762cb60d0bf', 'a983697f-2b66-4bbf-b21b-9411e3535181', 'https://picsum.photos/seed/HOxX3v/1200/800', 'image-7-4.jpg', 387382, 'image/jpeg', 1200, 800, 4, false, 'Imagen 5 de Warehouse 5 ambientes en North Alberta'),
('2c862d24-4dac-4499-9de0-a0844595b61c', 'd6edcc41-62b5-4fad-a2de-79c28625102f', 'https://picsum.photos/seed/Gk3nWDF/1200/800', 'image-8-0.jpg', 352913, 'image/jpeg', 1200, 800, 0, true, 'Imagen 1 de Townhouse 5 ambientes en Fort Bettye'),
('36c1446f-182f-416b-9b65-643744af911f', 'd6edcc41-62b5-4fad-a2de-79c28625102f', 'https://picsum.photos/seed/BCEg0/1200/800', 'image-8-1.jpg', 486007, 'image/jpeg', 1200, 800, 1, false, 'Imagen 2 de Townhouse 5 ambientes en Fort Bettye'),
('4ab9549d-f12f-4be3-89ba-60947f6d3af1', 'd6edcc41-62b5-4fad-a2de-79c28625102f', 'https://picsum.photos/seed/5KUqgqI/1200/800', 'image-8-2.jpg', 103621, 'image/jpeg', 1200, 800, 2, false, 'Imagen 3 de Townhouse 5 ambientes en Fort Bettye'),
('99a3b13e-b033-4431-a7b9-a1fdcde839bb', 'd6edcc41-62b5-4fad-a2de-79c28625102f', 'https://picsum.photos/seed/nVAxg/1200/800', 'image-8-3.jpg', 247379, 'image/jpeg', 1200, 800, 3, false, 'Imagen 4 de Townhouse 5 ambientes en Fort Bettye'),
('eac7a3b6-7ae1-4d47-a048-07e1c6a42212', 'd6edcc41-62b5-4fad-a2de-79c28625102f', 'https://picsum.photos/seed/OG6hjfvxml/1200/800', 'image-8-4.jpg', 431423, 'image/jpeg', 1200, 800, 4, false, 'Imagen 5 de Townhouse 5 ambientes en Fort Bettye'),
('4ef558fe-1688-43da-addb-792a2b3120bb', 'b7667cef-c5b7-44d0-ae7a-aea9182b8a01', 'https://picsum.photos/seed/51aTe/1200/800', 'image-9-0.jpg', 241708, 'image/jpeg', 1200, 800, 0, true, 'Imagen 1 de Office 5 ambientes en South Cameronborough'),
('13893063-3f98-4668-9bb2-86da819152b3', 'b7667cef-c5b7-44d0-ae7a-aea9182b8a01', 'https://picsum.photos/seed/cvp1N4tyCG/1200/800', 'image-9-1.jpg', 201309, 'image/jpeg', 1200, 800, 1, false, 'Imagen 2 de Office 5 ambientes en South Cameronborough'),
('0b8ddd75-c72d-4e71-b6ce-31e68f1a16c6', 'b7667cef-c5b7-44d0-ae7a-aea9182b8a01', 'https://picsum.photos/seed/jdln4msI/1200/800', 'image-9-2.jpg', 362692, 'image/jpeg', 1200, 800, 2, false, 'Imagen 3 de Office 5 ambientes en South Cameronborough'),
('b03a70cc-81c9-4ccc-a82a-9b23ebec9ae9', 'b7667cef-c5b7-44d0-ae7a-aea9182b8a01', 'https://picsum.photos/seed/tIgcj/1200/800', 'image-9-3.jpg', 196600, 'image/jpeg', 1200, 800, 3, false, 'Imagen 4 de Office 5 ambientes en South Cameronborough'),
('36e831b6-dac4-4b4f-9a54-3b394adcc31b', 'b7667cef-c5b7-44d0-ae7a-aea9182b8a01', 'https://picsum.photos/seed/1g2Sfy2/1200/800', 'image-9-4.jpg', 366739, 'image/jpeg', 1200, 800, 4, false, 'Imagen 5 de Office 5 ambientes en South Cameronborough');
-- Insertando 10 listados...
INSERT INTO listings (id, property_id, agent_id, listing_type, price, currency, price_negotiable, whatsapp_contact, expenses_amount, expenses_included, status, featured, keywords, featured_until, meta_title, meta_description, views_count, enquiries_count, whatsapp_clicks, published_at, minimum_contract_duration, available_from)
  VALUES ('5ee5efdd-3911-4f5b-bcdf-306205c95a30', 'ec6048a4-2df8-4240-8e19-48ad302ed99a', 'fe50e6ff-d46d-4528-beb9-19f28ebbb54c', 'sale', 774188, 'COP', false, '+5491112345678', 63855, false, 'active', false, '[{"label":"Oficina","value":"office"},{"label":"Apartamento","value":"apartment"},{"label":"Casa","value":"house"}]', NULL, 'Condo 1 ambientes en Lee''s Summit - Venta', 'Suffragium creta calco patria vestrum vetus.', 342, 26, 21, '2026-03-25T14:35:44.460Z', NULL, NULL),
('facb907a-a5f2-48bb-ba42-a92b7ad20c9b', '9e0b4eff-7dd5-4d09-8311-b5b158c5ae93', '900d528c-3910-488a-9bf8-5c4710fdb622', 'sale', 962875, 'USD', true, '+5491112345678', 43179, true, 'active', false, '[{"label":"Otro","value":"other"},{"label":"Apartamento","value":"apartment"},{"label":"Bodega","value":"warehouse"}]', NULL, 'Office 1 ambientes en Walshberg - Venta', 'Addo curo ago.', 607, 44, 89, '2026-02-23T07:34:14.398Z', NULL, NULL),
('3de3b4cf-0e9f-47d0-851f-ddf161337412', '38991e42-efdc-4a81-a654-b713a1d779d5', 'db717726-69a0-45a8-bda2-1a09f96a78f6', 'sale', 771328, 'USD', true, '+5491112345678', 31445, false, 'active', false, '[{"label":"Otro","value":"other"},{"label":"Estacionamiento","value":"parking"},{"label":"Seguridad","value":"security"}]', NULL, 'Townhouse 1 ambientes en Danbury - Venta', 'Advenio bene tolero arca conicio urbs arma agnitio.', 485, 15, 56, '2026-03-08T08:15:03.973Z', NULL, NULL),
('29829471-74d0-467b-b9ac-d58dfe537b77', '57ca74f6-72cb-431a-8a4f-26f6a64f6e33', '1baebc42-ccf6-45c5-9ed6-cc1e8d5e60e1', 'rent', 866805, 'COP', true, '+5491112345678', 48129, false, 'active', true, '[{"label":"Apartamento","value":"apartment"},{"label":"Estacionamiento","value":"parking"},{"label":"Otro","value":"other"}]', NULL, 'Office 4 ambientes en Port Albertotown - Alquiler', 'Similique calculus ipsum corrigo somniculosus ara.', 571, 9, 28, '2026-01-14T16:26:45.136Z', 11, '2026-04-19'),
('4ef925c5-18dc-42a3-83d3-40dcac27517e', '21ab0e08-bdbc-45d1-8e8d-7a8b1032d3f5', '512c911b-1db1-41f5-85df-fc61c86e1707', 'rent', 247164, 'COP', false, '+5491112345678', 49467, true, 'active', true, '[{"label":"Apartamento","value":"apartment"},{"label":"Aire acondicionado","value":"air_conditioning"},{"label":"Calefacción","value":"heating"}]', NULL, 'Condo 4 ambientes en Commerce City - Alquiler', 'Cubicularis tres assumenda adaugeo bardus confugo dolorem possimus verbum.', 510, 25, 5, '2025-12-29T03:26:30.147Z', 23, '2026-04-08'),
('d20730b1-9426-4c6c-b2c3-a9e610d8c350', 'f731285d-639b-4220-9ba7-dc9d31408e01', 'f8ab7a9e-04fe-4794-b375-91ffb84da2ed', 'sale', 936545, 'COP', false, '+5491112345678', 69458, true, 'active', false, '[{"label":"Seguridad","value":"security"},{"label":"Townhouse","value":"townhouse"},{"label":"Oficina","value":"office"}]', NULL, 'Land 4 ambientes en Port Brenda - Venta', 'Abstergo sumptus suffoco qui vulariter color conforto aeternus decipio cavus.', 343, 42, 94, '2026-01-11T17:12:58.131Z', NULL, NULL),
('5e01292f-7837-4acc-99ed-c003a66eee5b', '56b67353-19a9-476d-8870-566989cdbf03', 'fe50e6ff-d46d-4528-beb9-19f28ebbb54c', 'rent', 225401, 'COP', true, '+5491112345678', 83941, true, 'active', false, '[{"label":"Seguridad","value":"security"},{"label":"Calefacción","value":"heating"},{"label":"Jardín","value":"garden"}]', NULL, 'Commercial 5 ambientes en New Abrahamborough - Alquiler', 'Asper angelus incidunt veniam coniecto tabella.', 659, 47, 82, '2026-02-14T23:53:59.876Z', 26, '2026-04-21'),
('650dc197-1f31-49b0-aa81-294fdf4f6500', 'a983697f-2b66-4bbf-b21b-9411e3535181', '900d528c-3910-488a-9bf8-5c4710fdb622', 'rent', 265195, 'USD', true, '+5491112345678', 59875, true, 'active', false, '[{"label":"Bodega","value":"warehouse"},{"label":"Jardín","value":"garden"},{"label":"Calefacción","value":"heating"}]', NULL, 'Warehouse 5 ambientes en North Alberta - Alquiler', 'Bellicus ago deleo dens turba.', 221, 19, 81, '2026-03-10T03:03:34.323Z', 17, '2026-04-08'),
('4e1ea807-62af-48b1-9619-fa1586dd9541', 'd6edcc41-62b5-4fad-a2de-79c28625102f', 'db717726-69a0-45a8-bda2-1a09f96a78f6', 'rent', 692032, 'USD', true, '+5491112345678', 42550, true, 'active', false, '[{"label":"Estacionamiento","value":"parking"},{"label":"Aire acondicionado","value":"air_conditioning"},{"label":"Piscina","value":"pool"}]', NULL, 'Townhouse 5 ambientes en Fort Bettye - Alquiler', 'Campana desipio suus vitae bos valde victus.', 917, 32, 63, '2026-01-31T06:58:03.429Z', 29, '2026-04-10'),
('a6bd2d8d-66e4-4d78-b495-040ff6b5acf6', 'b7667cef-c5b7-44d0-ae7a-aea9182b8a01', '1baebc42-ccf6-45c5-9ed6-cc1e8d5e60e1', 'rent', 990816, 'COP', false, '+5491112345678', 67653, false, 'active', false, '[{"label":"Otro","value":"other"},{"label":"Casa","value":"house"},{"label":"Ascensor","value":"elevator"}]', NULL, 'Office 5 ambientes en South Cameronborough - Alquiler', 'Cur arto assumenda cura templum velociter ago.', 393, 5, 1, '2026-02-23T13:20:41.764Z', 24, '2026-03-30');
-- Insertando 5 favoritos...
INSERT INTO favorites (id, profile_id, listing_id)
  VALUES ('df23de60-0960-490c-b409-6f84b4e5806d', 'd7640ddf-f8cf-4d37-b2f9-3a951a8c8d88', '5ee5efdd-3911-4f5b-bcdf-306205c95a30'),
('de175d13-c077-4568-a29c-c22456a006b3', 'd7640ddf-f8cf-4d37-b2f9-3a951a8c8d88', '3de3b4cf-0e9f-47d0-851f-ddf161337412'),
('e4363ada-d62b-45a4-a1f2-ffca9d479665', 'd7640ddf-f8cf-4d37-b2f9-3a951a8c8d88', '4e1ea807-62af-48b1-9619-fa1586dd9541'),
('ebd8c0d0-ef43-4c4d-a12f-ad5a99a964c3', '1de04cb2-3579-457b-904b-e88178346053', '3de3b4cf-0e9f-47d0-851f-ddf161337412'),
('b3029d0b-57e5-4701-840a-6824af0e9981', 'd7640ddf-f8cf-4d37-b2f9-3a951a8c8d88', '5e01292f-7837-4acc-99ed-c003a66eee5b');
-- Insertando 8 inquiries...
INSERT INTO enquiries (id, listing_id, name, email, phone, message, source, utm_source, utm_medium, utm_campaign, referrer, status, notes, assigned_to)
  VALUES ('ea16bc10-b540-48df-b981-869631512f78', '5ee5efdd-3911-4f5b-bcdf-306205c95a30', 'María González', 'maria.gonzalez@email.com', '+57 45678901', 'Me interesa esta propiedad. ¿Está disponible para visitarla este fin de semana?', 'web', NULL, NULL, NULL, NULL, 'qualified', 'Cliente serio, presupuesto aprobado.', NULL),
('f9c546aa-52a2-49bb-9cd7-b920479d32f1', 'facb907a-a5f2-48bb-ba42-a92b7ad20c9b', 'Juan Pérez', 'jperez@email.com', '+5491156789012', '¿El precio es negociable? ¿Incluye los muebles?', 'web', NULL, NULL, NULL, NULL, 'new', NULL, NULL),
('98101983-ad07-4b44-89ec-9b5a73b85e05', '3de3b4cf-0e9f-47d0-851f-ddf161337412', 'Ana Martínez', 'anam@email.com', '+5491134567890', '¿Tienen fotos adicionales? ¿La pileta es temperada?', 'whatsapp', NULL, NULL, NULL, NULL, 'contacted', NULL, NULL),
('cb5a6c76-e419-4f60-8582-af7561e66a7a', '29829471-74d0-467b-b9ac-d58dfe537b77', 'Carlos Ruiz', 'cruiz@email.com', '+5491167890123', 'Necesito algo urgente para mudar mi familia en 2 meses.', 'phone', NULL, NULL, NULL, NULL, 'qualified', 'Cliente serio, presupuesto aprobado.', NULL),
('dfaf2799-6526-42b3-9089-d95c819e6422', '4ef925c5-18dc-42a3-83d3-40dcac27517e', 'Laura Sánchez', 'laura.s@email.com', '+5491123456789', '¿Aceptan permuta con un propiedad más chica?', 'referral', NULL, NULL, NULL, NULL, 'new', NULL, NULL),
('91fc9d17-adc4-4f1e-bf2b-0689ea7cf0f1', 'd20730b1-9426-4c6c-b2c3-a9e610d8c350', 'Diego Fernández', 'dfernandez@email.com', NULL, 'Me gustaría recibir más información sobre esta propiedad.', 'web', NULL, NULL, NULL, NULL, 'qualified', 'Cliente serio, presupuesto aprobado.', NULL),
('427a609e-6370-4dd9-85c8-dac96f893a92', '5e01292f-7837-4acc-99ed-c003a66eee5b', 'Patricia López', 'pato.lopez@email.com', '+5491143210987', '¿El edificio tiene gimnasio? ¿Las expensas son altas?', 'whatsapp', NULL, NULL, NULL, NULL, 'qualified', 'Cliente serio, presupuesto aprobado.', NULL),
('9c83a172-2360-4687-a6d2-80199e8f0102', '650dc197-1f31-49b0-aa81-294fdf4f6500', 'Roberto García', 'rgarcia@email.com', NULL, 'Estoy buscando inversión. ¿Es buena zona para alquilar?', 'web', NULL, NULL, NULL, NULL, 'contacted', NULL, NULL);
